{
  "accuracy": 0.0,
  "hamming_loss": 0.15202231520223153,
  "precision": 0.13960076960076961,
  "recall": 0.033445613841087386,
  "f1_score": 0.05222098216760121,
  "per_label_accuracy": [
    0.899581589958159,
    0.8200836820083682,
    0.8410041841004184,
    0.8410041841004184,
    0.8577405857740585,
    0.8870292887029289,
    0.8242677824267782,
    0.8744769874476988,
    0.8828451882845189,
    0.8619246861924686,
    0.8535564853556485,
    0.8075313807531381,
    0.8117154811715481,
    0.8535564853556485,
    0.8075313807531381,
    0.8368200836820083,
    0.8368200836820083,
    0.8577405857740585,
    0.803347280334728,
    0.8284518828451883,
    0.8326359832635983,
    0.8744769874476988,
    0.8661087866108786,
    0.8242677824267782,
    0.8744769874476988,
    0.8661087866108786,
    0.8661087866108786,
    0.8828451882845189,
    0.8577405857740585,
    0.8368200836820083,
    0.8158995815899581,
    0.8828451882845189,
    0.8158995815899581,
    0.7824267782426778,
    0.8702928870292888,
    0.8535564853556485,
    0.8744769874476988,
    0.8242677824267782,
    0.8117154811715481,
    0.8661087866108786,
    0.8870292887029289,
    0.8326359832635983,
    0.8828451882845189,
    0.8661087866108786,
    0.8242677824267782
  ],
  "saved_at": "2025-11-02T23:27:47.611073",
  "model_type": "MultiOutputClassifier",
  "base_estimator": "RandomForestClassifier",
  "n_estimators": 100,
  "max_depth": null
}